feature,mean_abs_shap
surface_useful,4651.332120393965
bathrooms,1246.5301517265968
bedrooms,833.2219251589935
