bedrooms,bathrooms,surface_useful
-903.6048931933544,1068.5738264216518,3369.75992077746
253.00937009413923,-124.25277051414552,-1178.6314485984162
253.00937009413923,-124.25277051414552,-971.886386354058
-132.52871766835864,-124.25277051414552,-292.5811818368817
-132.52871766835864,-124.25277051414552,-765.1413241097
-132.52871766835864,-124.25277051414552,327.6540048961924
253.00937009413923,-124.25277051414552,-765.1413241097
638.5474578566372,-521.8616361594113,-1562.5865641950809
