feature,mean_abs_shap
surface_useful,1154.1727693596863
bedrooms,337.3458267921856
bathrooms,291.99401070824206
