feature,mean_abs_shap
surface_useful,37837.45999537493
bathrooms,12645.298796975772
bedrooms,7205.818681371897
