feature,mean_abs_shap
surface_useful,46440.252744335536
bathrooms,12548.796747790271
bedrooms,8345.251066452876
